{
  "filters": [
    {
      "fmax": 4610,
      "sampling_frequency": 11801,
      "taps": 177,
      "coefficients": [0.0028262094515798222, -0.001240970171249944, 0.00033100385818681823, 0.0015766502528337535, -0.004278952253915732, 0.007251949982939995, -0.009759989268376507, 0.01106493793532395, -0.010673357089946657, 0.008534532163156914, -0.005108187444970509, 0.0012609831524806317, 0.0019881987347989453, -0.0037962705069343452, 0.0037829245187445985, -0.00216887148804642, -0.00029555230727984516, 0.0025943655396803893, -0.0038138877464550113, 0.0034806192620042264, -0.0017377057890768097, -0.000708873768182466, 0.0028688037007511993, -0.003853414779908735, 0.0032423666426542, -0.0012566971583258663, -0.0013110722584078072, 0.003404966927395873, -0.004134720741937846, 0.003146405101182067, -0.000788772117130276, -0.002002073030277248, 0.0040699549290476025, -0.004512094307979529, 0.0030664925232377176, -0.0002521622269039548, -0.002811157208071487, 0.004843066972533399, -0.004932835052962259, 0.0029398148608264824, 0.00040674215609955454, -0.0037668890675748583, 0.005720430310919789, -0.005359570797616396, 0.002701788754672378, 0.0012645188030219095, -0.004937870268649834, 0.006743722405010341, -0.00579904026642759, 0.0023274828683314073, 0.0023630501616835266, -0.006363671343828877, 0.007930684131226783, -0.006230503507415752, 0.001755432640442157, 0.00379143408048585, -0.008130580770844754, 0.009324133746430058, -0.006623438849824169, 0.0008734279926578181, 0.00571976982703158, -0.010413545341759287, 0.011041622076865803, -0.006976941564976721, -0.0004689807425084686, 0.008425554034846554, -0.013530580538653244, 0.013303919578946, -0.007280519542920022, -0.0025878500409088376, 0.012495170030289411, -0.018170425807285923, 0.0166159127719635, -0.0075246893916665935, -0.006245233716879192, 0.019434221756187146, -0.026200481003883638, 0.022428224414864095, -0.0077086364172640805, -0.01388101778534244, 0.034506333605796115, -0.04483077142651969, 0.03705869559618829, -0.007818015545047135, -0.0401470862512512, 0.09813240144725506, -0.15355373286245405, 0.19337737925743823, 0.7921461403465395, 0.19337737925743823, -0.15355373286245405, 0.09813240144725506, -0.0401470862512512, -0.007818015545047135, 0.03705869559618829, -0.04483077142651969, 0.034506333605796115, -0.01388101778534244, -0.0077086364172640805, 0.022428224414864095, -0.026200481003883638, 0.019434221756187146, -0.006245233716879192, -0.0075246893916665935, 0.0166159127719635, -0.018170425807285923, 0.012495170030289411, -0.0025878500409088376, -0.007280519542920022, 0.013303919578946, -0.013530580538653244, 0.008425554034846554, -0.0004689807425084686, -0.006976941564976721, 0.011041622076865803, -0.010413545341759287, 0.00571976982703158, 0.0008734279926578181, -0.006623438849824169, 0.009324133746430058, -0.008130580770844754, 0.00379143408048585, 0.001755432640442157, -0.006230503507415752, 0.007930684131226783, -0.006363671343828877, 0.0023630501616835266, 0.0023274828683314073, -0.00579904026642759, 0.006743722405010341, -0.004937870268649834, 0.0012645188030219095, 0.002701788754672378, -0.005359570797616396, 0.005720430310919789, -0.0037668890675748583, 0.00040674215609955454, 0.0029398148608264824, -0.004932835052962259, 0.004843066972533399, -0.002811157208071487, -0.0002521622269039548, 0.0030664925232377176, -0.004512094307979529, 0.0040699549290476025, -0.002002073030277248, -0.000788772117130276, 0.003146405101182067, -0.004134720741937846, 0.003404966927395873, -0.0013110722584078072, -0.0012566971583258663, 0.0032423666426542, -0.003853414779908735, 0.0028688037007511993, -0.000708873768182466, -0.0017377057890768097, 0.0034806192620042264, -0.0038138877464550113, 0.0025943655396803893, -0.00029555230727984516, -0.00216887148804642, 0.0037829245187445985, -0.0037962705069343452, 0.0019881987347989453, 0.0012609831524806317, -0.005108187444970509, 0.008534532163156914, -0.010673357089946657, 0.01106493793532395, -0.009759989268376507, 0.007251949982939995, -0.004278952253915732, 0.0015766502528337535, 0.00033100385818681823, -0.001240970171249944, 0.0028262094515798222]
    },
    {
      "fmax": 3600,
      "sampling_frequency": 8533,
      "taps": 71,
      "coefficients": [-0.004216240659467548, 0.005671902433749956, -0.008746178120195316, 0.012150301809227815, -0.015485114920409838, 0.018235435295958346, -0.019826541787022423, 0.019703901591034405, -0.01742544883429089, 0.01275710756113259, -0.005746594260485959, -0.003229336408329775, 0.013463669076732897, -0.02396927099777628, 0.03358065566605422, -0.041098115973178334, 0.04545668853721735, -0.04589957832709923, 0.04212498802515049, -0.03438084110139368, 0.023502605226457644, -0.010848347464478512, -0.0018134672984849033, 0.012535039102541943, -0.019407337903356543, 0.02084429057655623, -0.01581289791186475, 0.004003812371462951, 0.014064473606272868, -0.03706275902177769, 0.06297423330551746, -0.08931669644509244, 0.11342336404298527, -0.13277061041215873, 0.14528840698582515, 0.8503812790927938, 0.14528840698582515, -0.13277061041215873, 0.11342336404298527, -0.08931669644509244, 0.06297423330551746, -0.03706275902177769, 0.014064473606272868, 0.004003812371462951, -0.01581289791186475, 0.02084429057655623, -0.019407337903356543, 0.012535039102541943, -0.0018134672984849033, -0.010848347464478512, 0.023502605226457644, -0.03438084110139368, 0.04212498802515049, -0.04589957832709923, 0.04545668853721735, -0.041098115973178334, 0.03358065566605422, -0.02396927099777628, 0.013463669076732897, -0.003229336408329775, -0.005746594260485959, 0.01275710756113259, -0.01742544883429089, 0.019703901591034405, -0.019826541787022423, 0.018235435295958346, -0.015485114920409838, 0.012150301809227815, -0.008746178120195316, 0.005671902433749956, -0.004216240659467548]
    },
    {
      "fmax": 2880,
      "sampling_frequency": 7314,
      "taps": 101,